original_column,clean_variable,question_id,block,question_text,option,variable_type,included_clean_wide,non_null
start,,,,start,,identifier_or_metadata,False,127
end,,,,end,,identifier_or_metadata,False,127
VAR01. Descrição de pesquisa,,,,VAR01. Descrição de pesquisa,,empty_or_block_header,False,0
BLOCO A: CARACTERIZAÇÃO PESSOAL,,,,BLOCO A: CARACTERIZAÇÃO PESSOAL,,empty_or_block_header,False,0
A0. Nome:,,A0,Caracterizacao pessoal,A0. Nome:,,identifier_or_metadata,False,127
A1. Bairro onde reside:,a1_bairro,A1,Caracterizacao pessoal,A1. Bairro onde reside:,,single_or_text,True,127
A2. Associação a que pertence:,a2_associacao,A2,Caracterizacao pessoal,A2. Associação a que pertence:,,single_or_text,True,127
A3. Escolaridade:,a3_escolaridade,A3,Caracterizacao pessoal,A3. Escolaridade:,,single_or_text,True,127
A4. Idade:,a4_idade,A4,Caracterizacao pessoal,A4. Idade:,,single_or_text,True,127
A5. Há quantos anos trabalha com horticultura?,a5_anos_horticultura,A5,Caracterizacao pessoal,A5. Há quantos anos trabalha com horticultura?,,single_or_text,True,127
A6. Já recebeu alguma formação sobre o uso de pesticida?,a6_formacao_pesticidas,A6,Caracterizacao pessoal,A6. Já recebeu alguma formação sobre o uso de pesticida?,,single_or_text,True,127
"A6a. Se sim, quem ministrou a formação",a6a_quem_ministrou_formacao,A6a,Caracterizacao pessoal,"A6a. Se sim, quem ministrou a formação",,single_or_text,True,83
BLOCO B: PRÁTICAS HORTÍCOLAS E USO DE PESTICIDAS,,,,BLOCO B: PRÁTICAS HORTÍCOLAS E USO DE PESTICIDAS,,empty_or_block_header,False,0
B7. Que tipo de culturas hortícolas produz atualmente?,b7_culturas,B7,Praticas horticolas e uso de pesticidas,B7. Que tipo de culturas hortícolas produz atualmente?,,single_or_text,True,127
B7. Que tipo de culturas hortícolas produz atualmente? /Alface,b7_culturas__alface,B7,Praticas horticolas e uso de pesticidas,B7. Que tipo de culturas hortícolas produz atualmente?,Alface,multiple_choice_option,True,127
B7. Que tipo de culturas hortícolas produz atualmente? /Repolho,b7_culturas__repolho,B7,Praticas horticolas e uso de pesticidas,B7. Que tipo de culturas hortícolas produz atualmente?,Repolho,multiple_choice_option,True,127
B7. Que tipo de culturas hortícolas produz atualmente? /Couve,b7_culturas__couve,B7,Praticas horticolas e uso de pesticidas,B7. Que tipo de culturas hortícolas produz atualmente?,Couve,multiple_choice_option,True,127
B7. Que tipo de culturas hortícolas produz atualmente? /Tomate,b7_culturas__tomate,B7,Praticas horticolas e uso de pesticidas,B7. Que tipo de culturas hortícolas produz atualmente?,Tomate,multiple_choice_option,True,127
B7. Que tipo de culturas hortícolas produz atualmente? /Quiabo,b7_culturas__quiabo,B7,Praticas horticolas e uso de pesticidas,B7. Que tipo de culturas hortícolas produz atualmente?,Quiabo,multiple_choice_option,True,127
B7. Que tipo de culturas hortícolas produz atualmente? /Beterraba,b7_culturas__beterraba,B7,Praticas horticolas e uso de pesticidas,B7. Que tipo de culturas hortícolas produz atualmente?,Beterraba,multiple_choice_option,True,127
B7. Que tipo de culturas hortícolas produz atualmente? / Beringela,b7_culturas__beringela,B7,Praticas horticolas e uso de pesticidas,B7. Que tipo de culturas hortícolas produz atualmente?,Beringela,multiple_choice_option,True,127
B7. Que tipo de culturas hortícolas produz atualmente? /Suculibembem,b7_culturas__suculibembem,B7,Praticas horticolas e uso de pesticidas,B7. Que tipo de culturas hortícolas produz atualmente?,Suculibembem,multiple_choice_option,True,127
B7. Que tipo de culturas hortícolas produz atualmente? /Nabo,b7_culturas__nabo,B7,Praticas horticolas e uso de pesticidas,B7. Que tipo de culturas hortícolas produz atualmente?,Nabo,multiple_choice_option,True,127
B7. Que tipo de culturas hortícolas produz atualmente? /Cenoura,b7_culturas__cenoura,B7,Praticas horticolas e uso de pesticidas,B7. Que tipo de culturas hortícolas produz atualmente?,Cenoura,multiple_choice_option,True,127
B7. Que tipo de culturas hortícolas produz atualmente? /Pimento,b7_culturas__pimento,B7,Praticas horticolas e uso de pesticidas,B7. Que tipo de culturas hortícolas produz atualmente?,Pimento,multiple_choice_option,True,127
B7. Que tipo de culturas hortícolas produz atualmente? /Cebola,b7_culturas__cebola,B7,Praticas horticolas e uso de pesticidas,B7. Que tipo de culturas hortícolas produz atualmente?,Cebola,multiple_choice_option,True,127
B7. Que tipo de culturas hortícolas produz atualmente? /Baguiche,b7_culturas__baguiche,B7,Praticas horticolas e uso de pesticidas,B7. Que tipo de culturas hortícolas produz atualmente?,Baguiche,multiple_choice_option,True,127
B7. Que tipo de culturas hortícolas produz atualmente? /Alho francês,b7_culturas__alho_frances,B7,Praticas horticolas e uso de pesticidas,B7. Que tipo de culturas hortícolas produz atualmente?,Alho francês,multiple_choice_option,True,127
B7. Que tipo de culturas hortícolas produz atualmente? /Malagueta,b7_culturas__malagueta,B7,Praticas horticolas e uso de pesticidas,B7. Que tipo de culturas hortícolas produz atualmente?,Malagueta,multiple_choice_option,True,108
B7. Que tipo de culturas hortícolas produz atualmente? /Outro,b7_culturas__outro,B7,Praticas horticolas e uso de pesticidas,B7. Que tipo de culturas hortícolas produz atualmente?,Outro,multiple_choice_option,True,108
B7. Que tipo de culturas hortícolas produz atualmente? /Salsa,b7_culturas__salsa,B7,Praticas horticolas e uso de pesticidas,B7. Que tipo de culturas hortícolas produz atualmente?,Salsa,multiple_choice_option,True,46
B8. Em cada canteiro coloca só uma cultura ou mistura várias?,b8_organizacao_canteiro,B8,Praticas horticolas e uso de pesticidas,B8. Em cada canteiro coloca só uma cultura ou mistura várias?,,single_or_text,True,127
B9. Costuma fazer rotação de culturas de um ano para outro?,b9_rotacao_culturas,B9,Praticas horticolas e uso de pesticidas,B9. Costuma fazer rotação de culturas de um ano para outro?,,single_or_text,True,127
B10. Conheces pesticidas?,b10_conhece_pesticidas,B10,Praticas horticolas e uso de pesticidas,B10. Conheces pesticidas?,,single_or_text,True,127
B11. Utiliza ou chegou de utilizar pesticidas na sua produção?,b11_usa_pesticidas,B11,Praticas horticolas e uso de pesticidas,B11. Utiliza ou chegou de utilizar pesticidas na sua produção?,,single_or_text,True,127
B12. Quais os principais pesticidas que utiliza?,b12_tipos_pesticidas,B12,Praticas horticolas e uso de pesticidas,B12. Quais os principais pesticidas que utiliza?,,single_or_text,True,127
B12. Quais os principais pesticidas que utiliza? /Inseticidas,b12_tipos_pesticidas__inseticidas,B12,Praticas horticolas e uso de pesticidas,B12. Quais os principais pesticidas que utiliza?,Inseticidas,multiple_choice_option,True,127
B12. Quais os principais pesticidas que utiliza? /Herbicidas,b12_tipos_pesticidas__herbicidas,B12,Praticas horticolas e uso de pesticidas,B12. Quais os principais pesticidas que utiliza?,Herbicidas,multiple_choice_option,True,127
B12. Quais os principais pesticidas que utiliza? /Fungicidas,b12_tipos_pesticidas__fungicidas,B12,Praticas horticolas e uso de pesticidas,B12. Quais os principais pesticidas que utiliza?,Fungicidas,multiple_choice_option,True,127
B12. Quais os principais pesticidas que utiliza? /Outros,b12_tipos_pesticidas__outros,B12,Praticas horticolas e uso de pesticidas,B12. Quais os principais pesticidas que utiliza?,Outros,multiple_choice_option,True,127
B13. Onde compra os pesticidas?,b13_local_compra_pesticidas,B13,Praticas horticolas e uso de pesticidas,B13. Onde compra os pesticidas?,,single_or_text,True,127
B14. Quando usa os pesticidas?,b14_momento_uso_pesticidas,B14,Praticas horticolas e uso de pesticidas,B14. Quando usa os pesticidas?,,single_or_text,True,126
B15. Durante quanto tempo aplica o pesticida em cada época de produção?,b15_duracao_aplicacao,B15,Praticas horticolas e uso de pesticidas,B15. Durante quanto tempo aplica o pesticida em cada época de produção?,,single_or_text,True,126
B16. Com que frequência aplica o pesticida?,b16_frequencia_aplicacao,B16,Praticas horticolas e uso de pesticidas,B16. Com que frequência aplica o pesticida?,,single_or_text,True,126
B17. Quais os critérios que utiliza para escolher os pesticidas?,b17_criterios_escolha_pesticidas,B17,Praticas horticolas e uso de pesticidas,B17. Quais os critérios que utiliza para escolher os pesticidas?,,single_or_text,True,126
B18. Usa na hortaliça pesticidas de outras culturas?,b18_usa_pesticidas_outras_culturas,B18,Praticas horticolas e uso de pesticidas,B18. Usa na hortaliça pesticidas de outras culturas?,,single_or_text,True,126
"B19. Quando alguma planta tem infestação da praga, já alguma vez usou produtos naturais para combater?",b19_usa_produtos_naturais,B19,Praticas horticolas e uso de pesticidas,"B19. Quando alguma planta tem infestação da praga, já alguma vez usou produtos naturais para combater?",,single_or_text,True,127
B19.1. Se resposta for “Sim” que tipo de produto natural?,b19_1_tipos_produtos_naturais,B19.1,Praticas horticolas e uso de pesticidas,B19.1. Se resposta for “Sim” que tipo de produto natural?,,single_or_text,True,115
B19.1. Se resposta for “Sim” que tipo de produto natural?/ Cinza,b19_1_tipos_produtos_naturais__cinza,B19.1,Praticas horticolas e uso de pesticidas,B19.1. Se resposta for “Sim” que tipo de produto natural?,Cinza,multiple_choice_option,True,115
B19.1. Se resposta for “Sim” que tipo de produto natural?/Água com sabão e malagueta,b19_1_tipos_produtos_naturais__agua_com_sabao_e_malagueta,B19.1,Praticas horticolas e uso de pesticidas,B19.1. Se resposta for “Sim” que tipo de produto natural?,Água com sabão e malagueta,multiple_choice_option,True,115
B19.1. Se resposta for “Sim” que tipo de produto natural?/Água com sabão e tabaco,b19_1_tipos_produtos_naturais__agua_com_sabao_e_tabaco,B19.1,Praticas horticolas e uso de pesticidas,B19.1. Se resposta for “Sim” que tipo de produto natural?,Água com sabão e tabaco,multiple_choice_option,True,115
B19.1. Se resposta for “Sim” que tipo de produto natural?/Folhas e frutos de Cássia pilados com água,b19_1_tipos_produtos_naturais__folhas_e_frutos_de_cassia_pilados_com_agua,B19.1,Praticas horticolas e uso de pesticidas,B19.1. Se resposta for “Sim” que tipo de produto natural?,Folhas e frutos de Cássia pilados com água,multiple_choice_option,True,115
B19.1. Se resposta for “Sim” que tipo de produto natural?/Moringa,b19_1_tipos_produtos_naturais__moringa,B19.1,Praticas horticolas e uso de pesticidas,B19.1. Se resposta for “Sim” que tipo de produto natural?,Moringa,multiple_choice_option,True,109
B19.2. Quem lhe ensinou?,b19_2_quem_ensinou_produtos_naturais,B19.2,Praticas horticolas e uso de pesticidas,B19.2. Quem lhe ensinou?,,single_or_text,True,115
"B19.3. Em caso afirmativo, acha que é eficaz a controlar essas pragas usando produtos naturais?",b19_3_eficacia_produtos_naturais,B19.3,Praticas horticolas e uso de pesticidas,"B19.3. Em caso afirmativo, acha que é eficaz a controlar essas pragas usando produtos naturais?",,single_or_text,True,115
B20. Acha possível fazer agricultura sem o uso de pesticidas química?,b20_agricultura_sem_pesticidas_quimicos,B20,Praticas horticolas e uso de pesticidas,B20. Acha possível fazer agricultura sem o uso de pesticidas química?,,single_or_text,True,127
B21. Qual é a finalidade do dinheiro que você ganha na venda do seus produtos hortícolas ?,b21_finalidade_dinheiro,B21,Praticas horticolas e uso de pesticidas,B21. Qual é a finalidade do dinheiro que você ganha na venda do seus produtos hortícolas ?,,single_or_text,True,39
B21. Qual é a finalidade do dinheiro que você ganha na venda do seus produtos hortícolas ?/Para alimentação da família,b21_finalidade_dinheiro__para_alimentacao_da_familia,B21,Praticas horticolas e uso de pesticidas,B21. Qual é a finalidade do dinheiro que você ganha na venda do seus produtos hortícolas ?,Para alimentação da família,multiple_choice_option,True,39
B21. Qual é a finalidade do dinheiro que você ganha na venda do seus produtos hortícolas ?/Para o pagamento da educação dos filhos,b21_finalidade_dinheiro__para_o_pagamento_da_educacao_dos_filhos,B21,Praticas horticolas e uso de pesticidas,B21. Qual é a finalidade do dinheiro que você ganha na venda do seus produtos hortícolas ?,Para o pagamento da educação dos filhos,multiple_choice_option,True,39
B21. Qual é a finalidade do dinheiro que você ganha na venda do seus produtos hortícolas ?/Para as cerimónias,b21_finalidade_dinheiro__para_as_cerimonias,B21,Praticas horticolas e uso de pesticidas,B21. Qual é a finalidade do dinheiro que você ganha na venda do seus produtos hortícolas ?,Para as cerimónias,multiple_choice_option,True,39
B21. Qual é a finalidade do dinheiro que você ganha na venda do seus produtos hortícolas ?/Para a minha própria formação,b21_finalidade_dinheiro__para_a_minha_propria_formacao,B21,Praticas horticolas e uso de pesticidas,B21. Qual é a finalidade do dinheiro que você ganha na venda do seus produtos hortícolas ?,Para a minha própria formação,multiple_choice_option,True,39
B21. Qual é a finalidade do dinheiro que você ganha na venda do seus produtos hortícolas ?/Para o pagamento da renda,b21_finalidade_dinheiro__para_o_pagamento_da_renda,B21,Praticas horticolas e uso de pesticidas,B21. Qual é a finalidade do dinheiro que você ganha na venda do seus produtos hortícolas ?,Para o pagamento da renda,multiple_choice_option,True,39
B21. Qual é a finalidade do dinheiro que você ganha na venda do seus produtos hortícolas ?/outro,b21_finalidade_dinheiro__outro,B21,Praticas horticolas e uso de pesticidas,B21. Qual é a finalidade do dinheiro que você ganha na venda do seus produtos hortícolas ?,outro,multiple_choice_option,True,39
BLOCO C – CONHECIMENTO SOBRE SEGURANÇA NO USO DE PESTICIDAS,,,,BLOCO C – CONHECIMENTO SOBRE SEGURANÇA NO USO DE PESTICIDAS,,empty_or_block_header,False,0
C21. Conhece as regras de segurança sobre uso correto de pesticidas?,c21_conhece_regras_seguranca,C21,Conhecimento sobre seguranca,C21. Conhece as regras de segurança sobre uso correto de pesticidas?,,single_or_text,True,127
"C21a. Se Sim, quem te contou?",c21a_fonte_regras_seguranca,C21a,Conhecimento sobre seguranca,"C21a. Se Sim, quem te contou?",,single_or_text,True,11
C22. Sabe que alguns pesticidas são proibidos ou têm uso restrito?,c22_conhece_pesticidas_proibidos_restritos,C22,Conhecimento sobre seguranca,C22. Sabe que alguns pesticidas são proibidos ou têm uso restrito?,,single_or_text,True,127
"C22.1. Se Sim, sabe quais são esses pesticidas?",c22_1_sabe_quais_pesticidas_proibidos,C22.1,Conhecimento sobre seguranca,"C22.1. Se Sim, sabe quais são esses pesticidas?",,single_or_text,True,16
"C22.2. Na sua opinião, por que razão alguns pesticidas são proibidos ou restringidos?",c22_2_razao_pesticidas_proibidos_restritos,C22.2,Conhecimento sobre seguranca,"C22.2. Na sua opinião, por que razão alguns pesticidas são proibidos ou restringidos?",,single_or_text,True,16
C23. Quem aplica pesticidas na sua horta?,c23_aplicador_pesticidas,C23,Conhecimento sobre seguranca,C23. Quem aplica pesticidas na sua horta?,,single_or_text,True,127
C23. Quem aplica pesticidas na sua horta?/Eu mesmo,c23_aplicador_pesticidas__eu_mesmo,C23,Conhecimento sobre seguranca,C23. Quem aplica pesticidas na sua horta?,Eu mesmo,multiple_choice_option,True,14
C23. Quem aplica pesticidas na sua horta?/Meus colegas,c23_aplicador_pesticidas__meus_colegas,C23,Conhecimento sobre seguranca,C23. Quem aplica pesticidas na sua horta?,Meus colegas,multiple_choice_option,True,14
C23. Quem aplica pesticidas na sua horta?/Algum familiar,c23_aplicador_pesticidas__algum_familiar,C23,Conhecimento sobre seguranca,C23. Quem aplica pesticidas na sua horta?,Algum familiar,multiple_choice_option,True,14
C23. Quem aplica pesticidas na sua horta?/Técnicos de agricultura,c23_aplicador_pesticidas__tecnicos_de_agricultura,C23,Conhecimento sobre seguranca,C23. Quem aplica pesticidas na sua horta?,Técnicos de agricultura,multiple_choice_option,True,14
C23. Quem aplica pesticidas na sua horta?/Eu mesmo.1,c23_aplicador_pesticidas__eu_mesmo,C23,Conhecimento sobre seguranca,C23. Quem aplica pesticidas na sua horta?,Eu mesmo,multiple_choice_option,True,127
C23. Quem aplica pesticidas na sua horta?/Meus colegas.1,c23_aplicador_pesticidas__meus_colegas,C23,Conhecimento sobre seguranca,C23. Quem aplica pesticidas na sua horta?,Meus colegas,multiple_choice_option,True,127
C23. Quem aplica pesticidas na sua horta?/Algum familiar .1,c23_aplicador_pesticidas__algum_familiar,C23,Conhecimento sobre seguranca,C23. Quem aplica pesticidas na sua horta?,Algum familiar,multiple_choice_option,True,127
C23. Quem aplica pesticidas na sua horta?/Técnicos de agricultura .1,c23_aplicador_pesticidas__tecnicos_de_agricultura,C23,Conhecimento sobre seguranca,C23. Quem aplica pesticidas na sua horta?,Técnicos de agricultura,multiple_choice_option,True,127
C23. Quem aplica pesticidas na sua horta?/Outro,c23_aplicador_pesticidas__outro,C23,Conhecimento sobre seguranca,C23. Quem aplica pesticidas na sua horta?,Outro,multiple_choice_option,True,108
"C24. Costuma ler, compreender e seguir as instruções dos rótulos dos pesticidas?",c24_le_rotulos,C24,Conhecimento sobre seguranca,"C24. Costuma ler, compreender e seguir as instruções dos rótulos dos pesticidas?",,single_or_text,True,126
"C24.1. Se a resposta for “Não”, perguntar porquê:",c24_1_porque_nao_le_rotulos,C24.1,Conhecimento sobre seguranca,"C24.1. Se a resposta for “Não”, perguntar porquê:",,single_or_text,True,124
C25. Onde costuma armazenar os pesticidas?,c25_armazenamento_pesticidas,C25,Conhecimento sobre seguranca,C25. Onde costuma armazenar os pesticidas?,,single_or_text,True,126
"C25. Onde costuma armazenar os pesticidas? /No campo, ao ar livre",c25_armazenamento_pesticidas__no_campo_ao_ar_livre,C25,Conhecimento sobre seguranca,C25. Onde costuma armazenar os pesticidas?,"No campo, ao ar livre",multiple_choice_option,True,126
C25. Onde costuma armazenar os pesticidas? /Área de habitação,c25_armazenamento_pesticidas__area_de_habitacao,C25,Conhecimento sobre seguranca,C25. Onde costuma armazenar os pesticidas?,Área de habitação,multiple_choice_option,True,126
C25. Onde costuma armazenar os pesticidas? /Armazém de produtos químicos,c25_armazenamento_pesticidas__armazem_de_produtos_quimicos,C25,Conhecimento sobre seguranca,C25. Onde costuma armazenar os pesticidas?,Armazém de produtos químicos,multiple_choice_option,True,126
C25. Onde costuma armazenar os pesticidas? /Outro,c25_armazenamento_pesticidas__outro,C25,Conhecimento sobre seguranca,C25. Onde costuma armazenar os pesticidas?,Outro,multiple_choice_option,True,126
C26. Onde costuma preparar a solução de pesticidas para pulverização?,c26_local_preparo_solucao,C26,Conhecimento sobre seguranca,C26. Onde costuma preparar a solução de pesticidas para pulverização?,,single_or_text,True,126
C27. Costuma reutilizar os recipientes (garrafa) de pesticidas?,c27_reutiliza_recipientes,C27,Conhecimento sobre seguranca,C27. Costuma reutilizar os recipientes (garrafa) de pesticidas?,,single_or_text,True,126
"C27.1. Se Sim, para que finalidade?",,C27.1,Conhecimento sobre seguranca,"C27.1. Se Sim, para que finalidade?",,empty_or_block_header,False,0
"C27.1. Se Sim, para que finalidade? /Para por água de beber",,C27.1,Conhecimento sobre seguranca,"C27.1. Se Sim, para que finalidade? /Para por água de beber",,empty_or_block_header,False,0
"C27.1. Se Sim, para que finalidade? /Para por óleo vegetal ou palma",,C27.1,Conhecimento sobre seguranca,"C27.1. Se Sim, para que finalidade? /Para por óleo vegetal ou palma",,empty_or_block_header,False,0
"C27.1. Se Sim, para que finalidade? /Para por água para animais",,C27.1,Conhecimento sobre seguranca,"C27.1. Se Sim, para que finalidade? /Para por água para animais",,empty_or_block_header,False,0
"C27.1. Se Sim, para que finalidade? /Outro",,C27.1,Conhecimento sobre seguranca,"C27.1. Se Sim, para que finalidade? /Outro",,empty_or_block_header,False,0
C28. O que faz com os pesticidas que sobram após a mistura ou aplicação?,c28_destino_sobras_pesticidas,C28,Conhecimento sobre seguranca,C28. O que faz com os pesticidas que sobram após a mistura ou aplicação?,,single_or_text,True,126
C28. O que faz com os pesticidas que sobram após a mistura ou aplicação? /Descarta no campo,c28_destino_sobras_pesticidas__descarta_no_campo,C28,Conhecimento sobre seguranca,C28. O que faz com os pesticidas que sobram após a mistura ou aplicação?,Descarta no campo,multiple_choice_option,True,126
C28. O que faz com os pesticidas que sobram após a mistura ou aplicação? /Aplica noutras culturas,c28_destino_sobras_pesticidas__aplica_noutras_culturas,C28,Conhecimento sobre seguranca,C28. O que faz com os pesticidas que sobram após a mistura ou aplicação?,Aplica noutras culturas,multiple_choice_option,True,126
C28. O que faz com os pesticidas que sobram após a mistura ou aplicação? /Descarta no esgoto ou na valeta,c28_destino_sobras_pesticidas__descarta_no_esgoto_ou_na_valeta,C28,Conhecimento sobre seguranca,C28. O que faz com os pesticidas que sobram após a mistura ou aplicação?,Descarta no esgoto ou na valeta,multiple_choice_option,True,126
C28. O que faz com os pesticidas que sobram após a mistura ou aplicação? /Mistura apenas a quantidade necessária,c28_destino_sobras_pesticidas__mistura_apenas_a_quantidade_necessaria,C28,Conhecimento sobre seguranca,C28. O que faz com os pesticidas que sobram após a mistura ou aplicação?,Mistura apenas a quantidade necessária,multiple_choice_option,True,126
C28. O que faz com os pesticidas que sobram após a mistura ou aplicação? /Ofereço colegas,c28_destino_sobras_pesticidas__ofereco_colegas,C28,Conhecimento sobre seguranca,C28. O que faz com os pesticidas que sobram após a mistura ou aplicação?,Ofereço colegas,multiple_choice_option,True,27
C28. O que faz com os pesticidas que sobram após a mistura ou aplicação? /Ofereço colegas .1,c28_destino_sobras_pesticidas__ofereco_colegas,C28,Conhecimento sobre seguranca,C28. O que faz com os pesticidas que sobram após a mistura ou aplicação?,Ofereço colegas,multiple_choice_option,True,107
C28. O que faz com os pesticidas que sobram após a mistura ou aplicação? /Guardo para utilizar depois,c28_destino_sobras_pesticidas__guardo_para_utilizar_depois,C28,Conhecimento sobre seguranca,C28. O que faz com os pesticidas que sobram após a mistura ou aplicação?,Guardo para utilizar depois,multiple_choice_option,True,107
C29. O que faz com pesticidas antigos ou fora de prazo?,c29_destino_pesticidas_vencidos,C29,Conhecimento sobre seguranca,C29. O que faz com pesticidas antigos ou fora de prazo?,,single_or_text,True,123
C30. O que faz com as embalagens vazias de pesticidas?,c30_destino_embalagens_vazias,C30,Conhecimento sobre seguranca,C30. O que faz com as embalagens vazias de pesticidas?,,single_or_text,True,126
C30. O que faz com as embalagens vazias de pesticidas? /Deita no campo,c30_destino_embalagens_vazias__deita_no_campo,C30,Conhecimento sobre seguranca,C30. O que faz com as embalagens vazias de pesticidas?,Deita no campo,multiple_choice_option,True,126
C30. O que faz com as embalagens vazias de pesticidas? /Coloca no lixo comum,c30_destino_embalagens_vazias__coloca_no_lixo_comum,C30,Conhecimento sobre seguranca,C30. O que faz com as embalagens vazias de pesticidas?,Coloca no lixo comum,multiple_choice_option,True,126
C30. O que faz com as embalagens vazias de pesticidas? /Queima,c30_destino_embalagens_vazias__queima,C30,Conhecimento sobre seguranca,C30. O que faz com as embalagens vazias de pesticidas?,Queima,multiple_choice_option,True,126
C30. O que faz com as embalagens vazias de pesticidas? /Enterra,c30_destino_embalagens_vazias__enterra,C30,Conhecimento sobre seguranca,C30. O que faz com as embalagens vazias de pesticidas?,Enterra,multiple_choice_option,True,126
C30. O que faz com as embalagens vazias de pesticidas? /Deita em canais de irrigação,c30_destino_embalagens_vazias__deita_em_canais_de_irrigacao,C30,Conhecimento sobre seguranca,C30. O que faz com as embalagens vazias de pesticidas?,Deita em canais de irrigação,multiple_choice_option,True,126
C30. O que faz com as embalagens vazias de pesticidas? /Guardo para próxima compra,c30_destino_embalagens_vazias__guardo_para_proxima_compra,C30,Conhecimento sobre seguranca,C30. O que faz com as embalagens vazias de pesticidas?,Guardo para próxima compra,multiple_choice_option,True,107
C31. Costuma usar os equipamentos de proteção individual?,c31_usa_epi,C31,Conhecimento sobre seguranca,C31. Costuma usar os equipamentos de proteção individual?,,single_or_text,True,126
C31.1. Com que frequência utiliza os seguintes equipamentos durante a preparação ou aplicação de pesticidas?,c31_1_frequencia_uso_epi,C31.1,Conhecimento sobre seguranca,C31.1. Com que frequência utiliza os seguintes equipamentos durante a preparação ou aplicação de pesticidas?,,single_or_text,True,55
BLOCO D – PERCEÇÕES SOBRE OS IMPACTOS NA SAÚDE HUMANA E NO AMBIENTE,,,,BLOCO D – PERCEÇÕES SOBRE OS IMPACTOS NA SAÚDE HUMANA E NO AMBIENTE,,empty_or_block_header,False,0
"D32. Na sua opinião, o uso de pesticidas pode causar problemas de saúde?",d32_percepcao_impacto_saude,D32,Percepcoes sobre saude e ambiente,"D32. Na sua opinião, o uso de pesticidas pode causar problemas de saúde?",,single_or_text,True,127
D32.1. Já sentiu algum problema de saúde após a aplicação de pesticidas?,d32_1_sintomas_apos_aplicacao,D32.1,Percepcoes sobre saude e ambiente,D32.1. Já sentiu algum problema de saúde após a aplicação de pesticidas?,,single_or_text,True,122
"D32.2. Se Sim, quais sintomas sentiu?",d32_2_sintomas_sentidos,D32.2,Percepcoes sobre saude e ambiente,"D32.2. Se Sim, quais sintomas sentiu?",,single_or_text,True,102
"D32.2. Se Sim, quais sintomas sentiu?/Dores de cabeça",d32_2_sintomas_sentidos__dores_de_cabeca,D32.2,Percepcoes sobre saude e ambiente,"D32.2. Se Sim, quais sintomas sentiu?",Dores de cabeça,multiple_choice_option,True,102
"D32.2. Se Sim, quais sintomas sentiu?/Tonturas",d32_2_sintomas_sentidos__tonturas,D32.2,Percepcoes sobre saude e ambiente,"D32.2. Se Sim, quais sintomas sentiu?",Tonturas,multiple_choice_option,True,102
"D32.2. Se Sim, quais sintomas sentiu?/Náuseas/vómitos",d32_2_sintomas_sentidos__nauseas_vomitos,D32.2,Percepcoes sobre saude e ambiente,"D32.2. Se Sim, quais sintomas sentiu?",Náuseas/vómitos,multiple_choice_option,True,102
"D32.2. Se Sim, quais sintomas sentiu?/Irritação na pele ou nos olhos",d32_2_sintomas_sentidos__irritacao_na_pele_ou_nos_olhos,D32.2,Percepcoes sobre saude e ambiente,"D32.2. Se Sim, quais sintomas sentiu?",Irritação na pele ou nos olhos,multiple_choice_option,True,102
"D32.2. Se Sim, quais sintomas sentiu?/Dificuldade respiratória",d32_2_sintomas_sentidos__dificuldade_respiratoria,D32.2,Percepcoes sobre saude e ambiente,"D32.2. Se Sim, quais sintomas sentiu?",Dificuldade respiratória,multiple_choice_option,True,102
"D32.2. Se Sim, quais sintomas sentiu?/Outro",d32_2_sintomas_sentidos__outro,D32.2,Percepcoes sobre saude e ambiente,"D32.2. Se Sim, quais sintomas sentiu?",Outro,multiple_choice_option,True,102
D33. Acha que o uso de pesticidas pode causar danos ao ambiente?,d33_percepcao_impacto_ambiente,D33,Percepcoes sobre saude e ambiente,D33. Acha que o uso de pesticidas pode causar danos ao ambiente?,,single_or_text,True,127
"D33.1. Na sua opinião, que impactos os pesticidas podem causar no ambiente?",d33_1_impactos_ambientais_percebidos,D33.1,Percepcoes sobre saude e ambiente,"D33.1. Na sua opinião, que impactos os pesticidas podem causar no ambiente?",,single_or_text,True,34
"D33.1. Na sua opinião, que impactos os pesticidas podem causar no ambiente?/Contaminação do solo",d33_1_impactos_ambientais_percebidos__contaminacao_do_solo,D33.1,Percepcoes sobre saude e ambiente,"D33.1. Na sua opinião, que impactos os pesticidas podem causar no ambiente?",Contaminação do solo,multiple_choice_option,True,34
"D33.1. Na sua opinião, que impactos os pesticidas podem causar no ambiente?/Contaminação da água",d33_1_impactos_ambientais_percebidos__contaminacao_da_agua,D33.1,Percepcoes sobre saude e ambiente,"D33.1. Na sua opinião, que impactos os pesticidas podem causar no ambiente?",Contaminação da água,multiple_choice_option,True,34
"D33.1. Na sua opinião, que impactos os pesticidas podem causar no ambiente?/Morte dos insetos úteis",d33_1_impactos_ambientais_percebidos__morte_dos_insetos_uteis,D33.1,Percepcoes sobre saude e ambiente,"D33.1. Na sua opinião, que impactos os pesticidas podem causar no ambiente?",Morte dos insetos úteis,multiple_choice_option,True,34
"D33.1. Na sua opinião, que impactos os pesticidas podem causar no ambiente?/Prejuízos para animais",d33_1_impactos_ambientais_percebidos__prejuizos_para_animais,D33.1,Percepcoes sobre saude e ambiente,"D33.1. Na sua opinião, que impactos os pesticidas podem causar no ambiente?",Prejuízos para animais,multiple_choice_option,True,34
"D33.1. Na sua opinião, que impactos os pesticidas podem causar no ambiente?/Outro",d33_1_impactos_ambientais_percebidos__outro,D33.1,Percepcoes sobre saude e ambiente,"D33.1. Na sua opinião, que impactos os pesticidas podem causar no ambiente?",Outro,multiple_choice_option,True,34
D33.2. Caso afirmativo porque usava pesticida,d33_2_razoes_continuar_usando_pesticidas,D33.2,Percepcoes sobre saude e ambiente,D33.2. Caso afirmativo porque usava pesticida,,single_or_text,True,34
D33.2. Caso afirmativo porque usava pesticida /Falta de conhecimento,d33_2_razoes_continuar_usando_pesticidas__falta_de_conhecimento,D33.2,Percepcoes sobre saude e ambiente,D33.2. Caso afirmativo porque usava pesticida,Falta de conhecimento,multiple_choice_option,True,15
D33.2. Caso afirmativo porque usava pesticida /Falta de alternativas,d33_2_razoes_continuar_usando_pesticidas__falta_de_alternativas,D33.2,Percepcoes sobre saude e ambiente,D33.2. Caso afirmativo porque usava pesticida,Falta de alternativas,multiple_choice_option,True,15
D33.2. Caso afirmativo porque usava pesticida /Falta de apoios tecnicos e financeiro,d33_2_razoes_continuar_usando_pesticidas__falta_de_apoios_tecnicos_e_financeiro,D33.2,Percepcoes sobre saude e ambiente,D33.2. Caso afirmativo porque usava pesticida,Falta de apoios tecnicos e financeiro,multiple_choice_option,True,15
D33.2. Caso afirmativo porque usava pesticida /Falta de conhecimento .1,d33_2_razoes_continuar_usando_pesticidas__falta_de_conhecimento,D33.2,Percepcoes sobre saude e ambiente,D33.2. Caso afirmativo porque usava pesticida,Falta de conhecimento,multiple_choice_option,True,19
D33.2. Caso afirmativo porque usava pesticida /Falta de alternativas .1,d33_2_razoes_continuar_usando_pesticidas__falta_de_alternativas,D33.2,Percepcoes sobre saude e ambiente,D33.2. Caso afirmativo porque usava pesticida,Falta de alternativas,multiple_choice_option,True,19
D33.2. Caso afirmativo porque usava pesticida /Falta de apoios tecnicos e financeiro .1,d33_2_razoes_continuar_usando_pesticidas__falta_de_apoios_tecnicos_e_financeiro,D33.2,Percepcoes sobre saude e ambiente,D33.2. Caso afirmativo porque usava pesticida,Falta de apoios tecnicos e financeiro,multiple_choice_option,True,19
BLOCO E – EDUCAÇÃO AMBIENTAL E USO RESPONSÁVEL DE PESTICIDAS,,,,BLOCO E – EDUCAÇÃO AMBIENTAL E USO RESPONSÁVEL DE PESTICIDAS,,empty_or_block_header,False,0
E34. Considera importante receber mais informação/formação sobre uso seguro e responsável de pesticidas?,e34_quer_mais_formacao,E34,Educacao ambiental,E34. Considera importante receber mais informação/formação sobre uso seguro e responsável de pesticidas?,,single_or_text,True,127
"E34.1. Se Sim, que temas gostaria que fossem abordadas numa formação?",e34_1_temas_formacao,E34.1,Educacao ambiental,"E34.1. Se Sim, que temas gostaria que fossem abordadas numa formação?",,single_or_text,True,122
"E34.1. Se Sim, que temas gostaria que fossem abordadas numa formação?/Uso correto dos pesticidas",e34_1_temas_formacao__uso_correto_dos_pesticidas,E34.1,Educacao ambiental,"E34.1. Se Sim, que temas gostaria que fossem abordadas numa formação?",Uso correto dos pesticidas,multiple_choice_option,True,122
"E34.1. Se Sim, que temas gostaria que fossem abordadas numa formação?/Proteção da saúde",e34_1_temas_formacao__protecao_da_saude,E34.1,Educacao ambiental,"E34.1. Se Sim, que temas gostaria que fossem abordadas numa formação?",Proteção da saúde,multiple_choice_option,True,122
"E34.1. Se Sim, que temas gostaria que fossem abordadas numa formação?/Alternativas aos pesticidas químicos",e34_1_temas_formacao__alternativas_aos_pesticidas_quimicos,E34.1,Educacao ambiental,"E34.1. Se Sim, que temas gostaria que fossem abordadas numa formação?",Alternativas aos pesticidas químicos,multiple_choice_option,True,122
"E34.1. Se Sim, que temas gostaria que fossem abordadas numa formação?/Proteção do ambiente",e34_1_temas_formacao__protecao_do_ambiente,E34.1,Educacao ambiental,"E34.1. Se Sim, que temas gostaria que fossem abordadas numa formação?",Proteção do ambiente,multiple_choice_option,True,122
E35. Que formas de sensibilização considera mais adequadas?,e35_formas_sensibilizacao,E35,Educacao ambiental,E35. Que formas de sensibilização considera mais adequadas?,,single_or_text,True,124
E35. Que formas de sensibilização considera mais adequadas?/Seminário em sala,e35_formas_sensibilizacao__seminario_em_sala,E35,Educacao ambiental,E35. Que formas de sensibilização considera mais adequadas?,Seminário em sala,multiple_choice_option,True,124
E35. Que formas de sensibilização considera mais adequadas?/Formação prática no campo,e35_formas_sensibilizacao__formacao_pratica_no_campo,E35,Educacao ambiental,E35. Que formas de sensibilização considera mais adequadas?,Formação prática no campo,multiple_choice_option,True,124
E35. Que formas de sensibilização considera mais adequadas?/Apoio regular de técnicos agrícolas,e35_formas_sensibilizacao__apoio_regular_de_tecnicos_agricolas,E35,Educacao ambiental,E35. Que formas de sensibilização considera mais adequadas?,Apoio regular de técnicos agrícolas,multiple_choice_option,True,124
E35. Que formas de sensibilização considera mais adequadas?/Campanhas de rádio ou TV,e35_formas_sensibilizacao__campanhas_de_radio_ou_tv,E35,Educacao ambiental,E35. Que formas de sensibilização considera mais adequadas?,Campanhas de rádio ou TV,multiple_choice_option,True,124
E35. Que formas de sensibilização considera mais adequadas?/Integração no ensino na escola primária e liceus,e35_formas_sensibilizacao__integracao_no_ensino_na_escola_primaria_e_liceus,E35,Educacao ambiental,E35. Que formas de sensibilização considera mais adequadas?,Integração no ensino na escola primária e liceus,multiple_choice_option,True,124
E36. Que conselhos gostaria de dar às outras horticultoras sobre o uso de pesticidas?,,E36,Educacao ambiental,E36. Que conselhos gostaria de dar às outras horticultoras sobre o uso de pesticidas?,,identifier_or_metadata,False,127
E36. Que conselhos gostaria de dar às outras horticultoras sobre o uso de pesticidas?_URL,,E36,Educacao ambiental,E36. Que conselhos gostaria de dar às outras horticultoras sobre o uso de pesticidas?_URL,,identifier_or_metadata,False,127
A2. Associação a que pertence: .1,,A2,Caracterizacao pessoal,A2. Associação a que pertence: .1,,empty_or_block_header,False,0
_id,,,,_id,,identifier_or_metadata,False,127
_uuid,,,,_uuid,,identifier_or_metadata,False,127
_submission_time,,,,_submission_time,,identifier_or_metadata,False,127
_validation_status,,,,_validation_status,,empty_or_block_header,False,0
_notes,,,,_notes,,empty_or_block_header,False,0
_status,,,,_status,,identifier_or_metadata,False,127
_submitted_by,,,,_submitted_by,,identifier_or_metadata,False,127
__version__,,,,__version__,,identifier_or_metadata,False,127
_tags,,,,_tags,,empty_or_block_header,False,0
meta/rootUuid,,,,meta/rootUuid,,identifier_or_metadata,False,127
_index,,,,_index,,identifier_or_metadata,False,127
